,A,B,Du,Dv
0,0.03,0.039,0.2,0.1
1,0.03,0.04042105263157895,0.2,0.1
2,0.03,0.041842105263157896,0.2,0.1
3,0.03,0.043263157894736844,0.2,0.1
4,0.03,0.044684210526315785,0.2,0.1
5,0.03,0.04610526315789474,0.2,0.1
6,0.03,0.04752631578947368,0.2,0.1
7,0.03,0.048947368421052635,0.2,0.1
8,0.03,0.05036842105263158,0.2,0.1
9,0.03,0.051789473684210524,0.2,0.1
10,0.03,0.05321052631578948,0.2,0.1
11,0.03,0.05463157894736842,0.2,0.1
12,0.03,0.056052631578947375,0.2,0.1
13,0.03,0.057473684210526316,0.2,0.1
14,0.03,0.058894736842105264,0.2,0.1
15,0.03,0.06031578947368421,0.2,0.1
16,0.03,0.061736842105263166,0.2,0.1
17,0.03,0.06315789473684211,0.2,0.1
18,0.03,0.06457894736842106,0.2,0.1
19,0.03,0.066,0.2,0.1
20,0.03111111111111111,0.04044444444444444,0.2,0.1
21,0.03111111111111111,0.04191812865497076,0.2,0.1
22,0.03111111111111111,0.04339181286549708,0.2,0.1
23,0.03111111111111111,0.04486549707602339,0.2,0.1
24,0.03111111111111111,0.04633918128654971,0.2,0.1
25,0.03111111111111111,0.04781286549707602,0.2,0.1
26,0.03111111111111111,0.04928654970760234,0.2,0.1
27,0.03111111111111111,0.05076023391812866,0.2,0.1
28,0.03111111111111111,0.05223391812865497,0.2,0.1
29,0.03111111111111111,0.05370760233918129,0.2,0.1
30,0.03111111111111111,0.05518128654970761,0.2,0.1
31,0.03111111111111111,0.05665497076023392,0.2,0.1
32,0.03111111111111111,0.05812865497076024,0.2,0.1
33,0.03111111111111111,0.05960233918128655,0.2,0.1
34,0.03111111111111111,0.06107602339181287,0.2,0.1
35,0.03111111111111111,0.06254970760233917,0.2,0.1
36,0.03111111111111111,0.06402339181286551,0.2,0.1
37,0.03111111111111111,0.06549707602339182,0.2,0.1
38,0.03111111111111111,0.06697076023391814,0.2,0.1
39,0.03111111111111111,0.06844444444444445,0.2,0.1
40,0.03222222222222222,0.04188888888888889,0.2,0.1
41,0.03222222222222222,0.04341520467836257,0.2,0.1
42,0.03222222222222222,0.04494152046783626,0.2,0.1
43,0.03222222222222222,0.04646783625730994,0.2,0.1
44,0.03222222222222222,0.047994152046783624,0.2,0.1
45,0.03222222222222222,0.04952046783625731,0.2,0.1
46,0.03222222222222222,0.05104678362573099,0.2,0.1
47,0.03222222222222222,0.05257309941520468,0.2,0.1
48,0.03222222222222222,0.05409941520467836,0.2,0.1
49,0.03222222222222222,0.055625730994152044,0.2,0.1
50,0.03222222222222222,0.05715204678362574,0.2,0.1
51,0.03222222222222222,0.05867836257309942,0.2,0.1
52,0.03222222222222222,0.06020467836257311,0.2,0.1
53,0.03222222222222222,0.06173099415204679,0.2,0.1
54,0.03222222222222222,0.06325730994152047,0.2,0.1
55,0.03222222222222222,0.06478362573099415,0.2,0.1
56,0.03222222222222222,0.06630994152046785,0.2,0.1
57,0.03222222222222222,0.06783625730994153,0.2,0.1
58,0.03222222222222222,0.06936257309941521,0.2,0.1
59,0.03222222222222222,0.07088888888888889,0.2,0.1
60,0.03333333333333333,0.043333333333333335,0.2,0.1
61,0.03333333333333333,0.04491228070175438,0.2,0.1
62,0.03333333333333333,0.046491228070175444,0.2,0.1
63,0.03333333333333333,0.04807017543859649,0.2,0.1
64,0.03333333333333333,0.04964912280701754,0.2,0.1
65,0.03333333333333333,0.0512280701754386,0.2,0.1
66,0.03333333333333333,0.05280701754385965,0.2,0.1
67,0.03333333333333333,0.054385964912280704,0.2,0.1
68,0.03333333333333333,0.05596491228070176,0.2,0.1
69,0.03333333333333333,0.05754385964912281,0.2,0.1
70,0.03333333333333333,0.05912280701754386,0.2,0.1
71,0.03333333333333333,0.060701754385964916,0.2,0.1
72,0.03333333333333333,0.06228070175438597,0.2,0.1
73,0.03333333333333333,0.06385964912280702,0.2,0.1
74,0.03333333333333333,0.06543859649122807,0.2,0.1
75,0.03333333333333333,0.06701754385964913,0.2,0.1
76,0.03333333333333333,0.06859649122807018,0.2,0.1
77,0.03333333333333333,0.07017543859649124,0.2,0.1
78,0.03333333333333333,0.07175438596491229,0.2,0.1
79,0.03333333333333333,0.07333333333333333,0.2,0.1
80,0.034444444444444444,0.04477777777777778,0.2,0.1
81,0.034444444444444444,0.0464093567251462,0.2,0.1
82,0.034444444444444444,0.04804093567251462,0.2,0.1
83,0.034444444444444444,0.04967251461988304,0.2,0.1
84,0.034444444444444444,0.05130409356725146,0.2,0.1
85,0.034444444444444444,0.052935672514619884,0.2,0.1
86,0.034444444444444444,0.054567251461988306,0.2,0.1
87,0.034444444444444444,0.056198830409356734,0.2,0.1
88,0.034444444444444444,0.05783040935672515,0.2,0.1
89,0.034444444444444444,0.05946198830409357,0.2,0.1
90,0.034444444444444444,0.06109356725146199,0.2,0.1
91,0.034444444444444444,0.0627251461988304,0.2,0.1
92,0.034444444444444444,0.06435672514619883,0.2,0.1
93,0.034444444444444444,0.06598830409356726,0.2,0.1
94,0.034444444444444444,0.06761988304093568,0.2,0.1
95,0.034444444444444444,0.06925146198830409,0.2,0.1
96,0.034444444444444444,0.07088304093567253,0.2,0.1
97,0.034444444444444444,0.07251461988304095,0.2,0.1
98,0.034444444444444444,0.07414619883040936,0.2,0.1
99,0.034444444444444444,0.07577777777777778,0.2,0.1
100,0.035555555555555556,0.04622222222222223,0.2,0.1
101,0.035555555555555556,0.04790643274853801,0.2,0.1
102,0.035555555555555556,0.0495906432748538,0.2,0.1
103,0.035555555555555556,0.05127485380116959,0.2,0.1
104,0.035555555555555556,0.05295906432748538,0.2,0.1
105,0.035555555555555556,0.054643274853801174,0.2,0.1
106,0.035555555555555556,0.05632748538011696,0.2,0.1
107,0.035555555555555556,0.05801169590643276,0.2,0.1
108,0.035555555555555556,0.059695906432748545,0.2,0.1
109,0.035555555555555556,0.061380116959064326,0.2,0.1
110,0.035555555555555556,0.06306432748538013,0.2,0.1
111,0.035555555555555556,0.06474853801169592,0.2,0.1
112,0.035555555555555556,0.0664327485380117,0.2,0.1
113,0.035555555555555556,0.06811695906432749,0.2,0.1
114,0.035555555555555556,0.06980116959064328,0.2,0.1
115,0.035555555555555556,0.07148538011695907,0.2,0.1
116,0.035555555555555556,0.07316959064327487,0.2,0.1
117,0.035555555555555556,0.07485380116959066,0.2,0.1
118,0.035555555555555556,0.07653801169590645,0.2,0.1
119,0.035555555555555556,0.07822222222222223,0.2,0.1
120,0.03666666666666667,0.04766666666666667,0.2,0.1
121,0.03666666666666667,0.049403508771929824,0.2,0.1
122,0.03666666666666667,0.051140350877192986,0.2,0.1
123,0.03666666666666667,0.05287719298245614,0.2,0.1
124,0.03666666666666667,0.054614035087719295,0.2,0.1
125,0.03666666666666667,0.056350877192982464,0.2,0.1
126,0.03666666666666667,0.05808771929824562,0.2,0.1
127,0.03666666666666667,0.05982456140350878,0.2,0.1
128,0.03666666666666667,0.061561403508771935,0.2,0.1
129,0.03666666666666667,0.06329824561403509,0.2,0.1
130,0.03666666666666667,0.06503508771929825,0.2,0.1
131,0.03666666666666667,0.06677192982456141,0.2,0.1
132,0.03666666666666667,0.06850877192982457,0.2,0.1
133,0.03666666666666667,0.07024561403508772,0.2,0.1
134,0.03666666666666667,0.07198245614035088,0.2,0.1
135,0.03666666666666667,0.07371929824561403,0.2,0.1
136,0.03666666666666667,0.07545614035087721,0.2,0.1
137,0.03666666666666667,0.07719298245614037,0.2,0.1
138,0.03666666666666667,0.07892982456140352,0.2,0.1
139,0.03666666666666667,0.08066666666666668,0.2,0.1
140,0.03777777777777778,0.04911111111111111,0.2,0.1
141,0.03777777777777778,0.050900584795321634,0.2,0.1
142,0.03777777777777778,0.05269005847953217,0.2,0.1
143,0.03777777777777778,0.05447953216374269,0.2,0.1
144,0.03777777777777778,0.05626900584795322,0.2,0.1
145,0.03777777777777778,0.05805847953216375,0.2,0.1
146,0.03777777777777778,0.05984795321637427,0.2,0.1
147,0.03777777777777778,0.0616374269005848,0.2,0.1
148,0.03777777777777778,0.06342690058479533,0.2,0.1
149,0.03777777777777778,0.06521637426900585,0.2,0.1
150,0.03777777777777778,0.06700584795321639,0.2,0.1
151,0.03777777777777778,0.06879532163742691,0.2,0.1
152,0.03777777777777778,0.07058479532163743,0.2,0.1
153,0.03777777777777778,0.07237426900584797,0.2,0.1
154,0.03777777777777778,0.07416374269005849,0.2,0.1
155,0.03777777777777778,0.07595321637426901,0.2,0.1
156,0.03777777777777778,0.07774269005847954,0.2,0.1
157,0.03777777777777778,0.07953216374269007,0.2,0.1
158,0.03777777777777778,0.0813216374269006,0.2,0.1
159,0.03777777777777778,0.08311111111111112,0.2,0.1
160,0.03888888888888889,0.050555555555555555,0.2,0.1
161,0.03888888888888889,0.05239766081871345,0.2,0.1
162,0.03888888888888889,0.05423976608187135,0.2,0.1
163,0.03888888888888889,0.05608187134502924,0.2,0.1
164,0.03888888888888889,0.057923976608187135,0.2,0.1
165,0.03888888888888889,0.059766081871345036,0.2,0.1
166,0.03888888888888889,0.061608187134502924,0.2,0.1
167,0.03888888888888889,0.06345029239766083,0.2,0.1
168,0.03888888888888889,0.06529239766081872,0.2,0.1
169,0.03888888888888889,0.06713450292397662,0.2,0.1
170,0.03888888888888889,0.06897660818713451,0.2,0.1
171,0.03888888888888889,0.0708187134502924,0.2,0.1
172,0.03888888888888889,0.0726608187134503,0.2,0.1
173,0.03888888888888889,0.0745029239766082,0.2,0.1
174,0.03888888888888889,0.07634502923976609,0.2,0.1
175,0.03888888888888889,0.07818713450292399,0.2,0.1
176,0.03888888888888889,0.0800292397660819,0.2,0.1
177,0.03888888888888889,0.08187134502923978,0.2,0.1
178,0.03888888888888889,0.08371345029239767,0.2,0.1
179,0.03888888888888889,0.08555555555555557,0.2,0.1
180,0.04,0.052000000000000005,0.2,0.1
181,0.04,0.053894736842105266,0.2,0.1
182,0.04,0.055789473684210535,0.2,0.1
183,0.04,0.05768421052631579,0.2,0.1
184,0.04,0.05957894736842105,0.2,0.1
185,0.04,0.06147368421052632,0.2,0.1
186,0.04,0.06336842105263159,0.2,0.1
187,0.04,0.06526315789473686,0.2,0.1
188,0.04,0.06715789473684211,0.2,0.1
189,0.04,0.06905263157894737,0.2,0.1
190,0.04,0.07094736842105263,0.2,0.1
191,0.04,0.0728421052631579,0.2,0.1
192,0.04,0.07473684210526317,0.2,0.1
193,0.04,0.07663157894736843,0.2,0.1
194,0.04,0.0785263157894737,0.2,0.1
195,0.04,0.08042105263157895,0.2,0.1
196,0.04,0.08231578947368423,0.2,0.1
197,0.04,0.08421052631578949,0.2,0.1
198,0.04,0.08610526315789475,0.2,0.1
199,0.04,0.08800000000000001,0.2,0.1
